created_at,id,text,source,B/orNot,newlabel
2/6/19 3:11,1.09E+18,RT @Thekidbigs: When I see something I dont like. But I told myself Im not gone trip over shit this year https://t.co/iqIqWxIHDU,Twitter for iPhone,0,0
2/6/19 3:11,1.09E+18,The fake news lies to the American citizens tell that to the families vthat have lost loved ones from this horrible broken immigration system these are real dangerous criminals coming across our borders secure our borders immediately stop this nonsense fake news is dangerous https://t.co/y33CJwizrf,Twitter for iPhone,0,0
2/6/19 3:11,1.09E+18,"RT @jamiesprotector: here is jimin's ""stupid"" on loop because we all need it https://t.co/9qeCpCdlSV",Twitter for Android,0,1
2/6/19 3:11,1.09E+18,@Sarahspagnoli @cheyenneditty check your shit b dont want anyone to be misguided about the facts https://t.co/kHxGYZ70Ig,Twitter for iPhone,1,0
2/6/19 3:11,1.09E+18,3rd place in Apex on a solo squad that shit was tense!,Twitter Web Client,1,0
2/6/19 3:11,1.09E+18,RT @iamwandasykes: This shit is ridiculous.,Twitter for iPhone,1,0
2/6/19 3:11,1.09E+18,RT @DonaldJTrumpJr: Suspicious timing for this to come out. Itï¿½s almost like Elizabeth Warren is trying to hide what Iï¿½ve said all along about taking advantage of her fake Native American heritage at the expense of real Native Americans and minorities.,Twitter for iPhone,0,0
2/6/19 3:11,1.09E+18,RT @halsey: I been drinking like. So much water. Is this what having your shit together feels like ???,Twitter for iPhone,0,0
2/6/19 3:11,1.09E+18,RT @kelseyleal_: Id never quit my job because a nigga told me to I need my own shit. What a nigga choose to do for me is strictly extra. Not a necessity.,Twitter for iPhone,0,1
2/6/19 3:13,1.09E+18,Bitch fuck you ,Twitter for iPhone,1,1
2/6/19 3:11,1.09E+18,USA chants at the #SOTU2019 is some of the tackiest shit I've ever heard.,Twitter for Android,1,0
2/6/19 3:11,1.09E+18,Shit only pict I got with lil bro but good luck fam ballout good luck on sign @TheWillieTyler https://t.co/4BOCXpwn3T,Twitter for iPhone,0,0
2/6/19 3:11,1.09E+18,@Emma4Change @realDonaldTrump and @GOP care about fetuses until they are born. Then who gives a shit,Twitter for iPhone,0,0
2/6/19 3:11,1.09E+18, @bennyjohnson: HI Im inside the press gallery at the State Of The Union. Im going to be tweeting all the awesome shit you cant see on TV. Like for instance: AOC is one of the only Dems to not stand & applaud when Trump recognized First Lady Melania Trump.Like for instance: AOC is one of the only Dems to not stand & applaud when Trump recognized First Lady Melania Trump.,Twitter for Android,1,0
2/6/19 3:11,1.09E+18,RT @TheGoodGodAbove: HOLY SHIT TRUMP IS FINALLY GOING TO VIETNAM #sotu,Twitter for iPhone,1,0
2/6/19 3:11,1.09E+18,RT @taylor_jheana: This shit has me rolling! Watch until the end  https://t.co/yG7GuV0IPW,Twitter for iPhone,1,0
2/6/19 3:11,1.09E+18,RT @ClaraJeffery: Seriously fuck you for claiming progress against AIDS when your VP was the worst villain on this front in the last 10 years,Twitter for iPhone,0,0
2/6/19 3:11,1.09E+18,"RT @PPact: For @realdonaldTrump to push misinformation and fake science on abortions later in pregnancy at the #SOTU shows that heï¿½s willing to do and say anything to promote his anti-abortion agenda, which he has been pedaling since day 1 of his administration.",Twitter Web App,0,0
2/6/19 3:11,1.09E+18,RT @amadijuana: cus fuck you thats why,Twitter for iPhone,1,0
2/6/19 3:11,1.09E+18,@KosSamaras @ChrisOgilvieSnr You got it. And stupid with it.,Twitter for iPad,1,1
2/6/19 3:11,1.09E+18,RT @DaRealGrizzle: Take notice of how fake news plays mind games on their brainwashed masses in order to dupe the dumblings &amp; keep them dum,Twitter for iPhone,0,0
2/6/19 3:11,1.09E+18,I s2g if you stupid mother fuckers vote for this piece of shit in 2020 #SOTU@USA,Twitter Web Client,1,1
2/6/19 3:11,1.09E+18,RT @yagirlcam1: This single shit getting REALLLL lame,Twitter for iPhone,1,0
2/6/19 3:11,1.09E+18,@kenzzyo__ @tooturnt_tori weirdo,Twitter for iPhone,1,0
2/6/19 3:11,1.09E+18,@Lrihendry I think @BernieSanders just shit his pants! ,Twitter for Android,1,0
2/6/19 3:11,1.09E+18,@BattleRoyaleNA ITS FAKE EVERYONE,Twitter for iPhone,1,1
2/6/19 3:11,1.09E+18,RT @Trapolah: your parents will compliment you behind your back but talk shit to ur face. thats real love lmfao,Twitter for iPhone,0,0
2/6/19 3:11,1.09E+18,RT @Listen2TheBeatt: Nothing says Boston like a bunch of Pats fans beating the shit out of each other after a championship parade @OnlyInBO,Twitter for iPhone,0,0
2/6/19 3:11,1.09E+18,Im with you Speaker. Let me check my notes. When will this shit be over?,Twitter for iPhone,0,0
2/6/19 3:11,1.09E+18,@NaeSimone_ Lmfaoooo that and the fake John Legend quotes have me weak as fuck.,Twitter for iPhone,0,0
2/6/19 3:11,1.09E+18,RT @JT_Fisherman: @CF7CMZ Wait till trudeaus new anti fake news squad is fired up comrade.,Twitter Web App,0,1
2/6/19 3:11,1.09E+18,"RT @aliciagarza: I literally cannot. This shit is so dangerous. Watch out ladies. Trump is coming for us  carrot, meet stick. Paid family",Twitter Web Client,1,0
2/6/19 3:11,1.09E+18,@LittleMissFlint Fake feminism is first than cancer and u guys are breeding rapidly under that fake umbrella of feminism,Twitter for Android,0,1
2/6/19 3:11,1.09E+18,RT @umcornell: her being white aint got shit to do with this.. she was laughing at jokes that ALL OF YOU DUMBASSES were laughing at as wel,Twitter for iPhone,1,0
2/6/19 3:11,1.09E+18,More fake bogeymen. This one is socialism. I'd bet good money that he couldn't correctly define socialism if his life depended on it. #SOTU,Twitter for Android,0,0
2/6/19 3:11,1.09E+18,When Im in the streets Im toating my heat cause nobody know this shit can get deep,Twitter for iPhone,0,0
2/6/19 3:11,1.09E+18,RT @lorivillarreal_: I isolate myself when I go through shit. My misery dont like company.,Twitter for iPhone,0,0
2/6/19 3:11,1.09E+18,"This shit is great: Trump: we want to end late term abortions Dem:  boo we wanna kill babies Trump: Lowest unemployment rate ever Dems: boo we want jobless people Trump: here is my 12 year old guest with brain cancer, we need to fight childhood cancer Dem: boo dont fight cancer https://t.co/ioUcVuB15z",Twitter for iPhone,0,0
2/6/19 3:11,1.09E+18,RT @BernieEffect: When Bernie sits they want him to stand When Bernie stands they want him to sit When Bernie speaks they tell him to shut up When Bernie is quiet they tell him to speak When Bernie backs Democrats they say he isnï¿½t a DemWhen Bernie criticizes Dems they cry unity,Twitter for Android,0,0
2/6/19 3:11,1.09E+18,"@nznH6FCb9ArJlg6 @TracyLCooper2 @trigg_christine @DuprasJanine @flesheater145 @kinz8730 @jenbeccyRN @twpbabyj @bolekaja1001 @tomservo1976 @SueinRockville @DerwoodS85 @csdPagan @KatyKatStation @TarynStanford @mfinn3333 @BunnehUsagichan You dumb shit. Only when life of mother is at grave risk or the baby is so gravely ill, its short life will be filled with pain. If thats ok with you, then you are an asshole.",Twitter for iPhone,1,1
2/6/19 3:11,1.09E+18,RT @NathanDaGawd: its almost 2020 and this shit still not invented https://t.co/huEO9zQrcY,Twitter for iPhone,1,0
2/6/19 3:11,1.09E+18,RT @henryrodgersdc: Bernie is back and and this time he is taking fake phone calls to dodge questions about if he believes Lt. Gov Justin Fairfaxï¿½s accuser,Twitter for Android,0,1
2/6/19 3:11,1.09E+18,@TheGoodGodAbove Shut up! Its Your fault were in this mess.,Twitter for iPhone,1,1
2/6/19 3:11,1.09E+18,@funder When is he gonna shut up!?  Arrgg.,Twitter for Android,1,1
2/6/19 3:11,1.09E+18,RT @TheLifeOfLane: When your buddy makes it in the bar with a fake ID https://t.co/M3XIOcxeEl,Twitter for iPhone,0,1
2/6/19 3:11,1.09E+18,RT @MichaelSkolnik: Donald Trump was pro-choice until he ran for President. Dude is as fake as his gold toilet in the Trump Tower.,Twitter for Android,1,1
2/6/19 3:11,1.09E+18,@jimgeraghty Hes upset that hes missing dozens of fake calls for this speech.,Twitter for iPhone,1,1
2/6/19 3:11,1.09E+18,"RT @_Blainee: when your playing cards against humanity and you think your card is hilarious and then the person reads it out loud and not a single person laughs yeah, that shit hurts",Twitter for iPhone,0,0
2/6/19 3:11,1.09E+18,RT @ricklauder: Ironic that a president who is obsessed with taking peopleï¿½s freedoms away is talking about America being founded on freedom. You canï¿½t make this shit up. #SOTU,Twitter for iPhone,1,0
2/6/19 3:11,1.09E+18,RT @outthatjam: @Phoelix_ Fake the Funk!,Twitter for iPhone,1,1
2/6/19 3:11,1.09E+18,Holy shit @TomCantHackett. Did this guy learn how to punt in an Australian prison? https://t.co/piw1MKjnGE,Twitter for iPhone,0,0
2/6/19 3:11,1.09E+18,@MortalKombat Why this shit so gory ,Twitter for Android,1,0
2/6/19 3:11,1.09E+18,The look on Bernies face when Trump called out socialism as stupid and idiotic pretty much has made my week. #SOTU,Twitter for Android,0,1
2/6/19 3:11,1.09E+18,Especially when pennywise dance in the sewer in front of that beverly girl i mean wtf is that about that shit is funny,Twitter for iPhone,1,0
2/6/19 3:11,1.09E+18,you ever hear a certain song that just finds its way into the deepest darkest nooks and crannies of nostalgia and you just have a moment like awh shit,Twitter for iPhone,0,0
2/6/19 3:11,1.09E+18,RT @bennyjohnson: I just asked DNC Chairman Tom Perez to respond to the sexual assault allegations against VA Lt Gov. Justin Fairfax. He said ï¿½Weï¿½re here to talk about tonightï¿½ His staffers then surrounded me & he took a fake phone call. Seriously- Watch.Itï¿½s fake. He was talking to no one.,Twitter Web Client,1,1
2/6/19 3:11,1.09E+18,@tumblr Im emailing you every barf worthy message and pic that I get on Tumblr until you guys start letting my reports go through again and stop flagging my shit FUCK YOU,Twitter for iPhone,1,0
2/6/19 3:11,1.09E+18,RT @hoIyfudge: Sometimes it doesnt work out with someone because theyre a piece of shit who deserves a piece of shit and youre not a pie,Twitter for iPhone,1,1
2/6/19 3:11,1.09E+18,This shit getting good https://t.co/yL3GpZN87g,Twitter for iPhone,0,0
2/6/19 3:11,1.09E+18,@shoukanshida WH?!?! HOW COULD YOU KNOW SOMETHING LIKE THAT?!? I NEVER EVEN MENTIONED KNOWING HOW TO BRAID! SHUT UP!,Twitter for iPhone,1,1
2/6/19 3:11,1.09E+18,RT @jesztexas: i love pretty girls who are nice. fuck you stuck up hoes,Twitter for iPhone,0,0
2/6/19 3:11,1.09E+18,RT @RogueNASA: Trump doesn't want to do shit about HIV. He cut off funding for stem cell research. See here:https://t.co/GwOibaleF6#S,Twitter for iPhone,0,0
2/6/19 3:11,1.09E+18,Ive watched about 0.07 seconds of the state of the union and I couldnt hold back the angry laughter from just how unbelievably fucking stupid of a person is standing up at that podium with the unfortunate title of president. Wow.,Twitter for iPhone,1,1
2/6/19 3:11,1.09E+18,@megynkelly Always remember... Trump did not get where he is by being stupid. Everything he says and does is strategic. Yes even his tweets! Dont believe it? He played the press and media like a fiddle. They actually got him elected without knowing it! https://t.co/da3n7ZRvPf,Twitter for iPhone,1,0
2/6/19 3:11,1.09E+18,"RT @AlyssaRayna15: If you talk shit about your friends, youre a shitty friend",Twitter for iPhone,1,0
2/6/19 3:11,1.09E+18,RT @Stonekettle: Let us work together to build a culture that cherishes innocent life.REALLY? Oh just fuck you.,Twitter for iPhone,1,1
2/6/19 3:11,1.09E+18,"I feel the same about #SOTU as I did #RentLive - Audience sit down and shut up, its not a rock concert.",Twitter for iPhone,0,1
2/6/19 3:11,1.09E+18,hey shut up https://t.co/2CKtCFUVjo,Twitter for iPhone,1,1
2/6/19 3:11,1.09E+18,RT @mamistepha: Attitude on some fuck you too,Twitter for iPhone,1,1
2/6/19 3:11,1.09E+18,"@acelestialspawn Oi, shut up! He quickly shot back up and pointed a finger at her, trying not to smile. Something was wrong though.Is everything alright, Brandy?",Twitter for iPhone,1,1
2/6/19 3:11,1.09E+18,"@TIME Dont blame her for two reasons: 1) Her papers contain FACTS and 2) Who the hell, besides @VP, wants to look at the back of an obese fake president?",Twitter for iPhone,0,1
2/6/19 3:11,1.09E+18,@flashxo Facts  Im honestly gonna use this shit all the time lol,Twitter for iPhone,0,0
2/6/19 3:11,1.09E+18,@tani_side @BTSSBEDS Some facts - They boys have been hyping that they were preparing for a WORLD WIDE event Fake Love was release 1 day prior to BBMAs The Grammys always keep some performances secret til last minute!! Everyone and their mothers are hyping their attendance *Hyperventilates*,Twitter for iPhone,0,0
2/6/19 3:11,1.09E+18,"Yes let's pull out of agreements to restrict missiles.  And how stupid is it to want to build bigger and more extremely dangerous missiles.  Go move to North Korea with your best buddy Kim. Also about time you set foot in Viet Nam, are you sure your bone spurs can handle it?",Twitter for Android,0,0
2/6/19 3:11,1.09E+18,If you dont believe in late term abortion if something is severely wrong with the child you are a piece of shit. I will beat your ass on god  #SOTU,Twitter for iPhone,1,0
2/6/19 3:11,1.09E+18,@LittleMissFlint @competitorcycle This is such a stupid argument. Why don't you focus on the death of innocent babies in the womb instead of some made up cages and imaginary hurdles that can be bypassed by good decisions made by  new parents. Stop blaming the government for your inability to care for your kids.,Twitter for Android,1,1
2/6/19 3:11,1.09E+18,RT @nightlovell: JUST CANT WAIT FOR THIS ALBUM TO BE OUT SHIT BEEN SUCH A FUCKING HEADACHE,Twitter for iPhone,0,0
2/6/19 3:11,1.09E+18,RT @wordsmithviv: Too bad tRump is SO stupid he doesn't understand what socialism is. Social security is socialism you dumb fuck. Europe ma,Twitter Web App,1,1
2/6/19 3:11,1.09E+18,dont act like your favs had some beat ass hair in the past. shut up https://t.co/xs8T9Pahq0,Twitter for iPhone,1,1
2/6/19 3:11,1.09E+18,@Ironsides_TTV Shut up grammar police.,Twitter for Android,1,1
2/6/19 3:11,1.09E+18,HOLY SHIT YOURE SO HOT I CANNOT BELIEVE IM DATING YOU https://t.co/Av5dP6RPWp,Twitter for iPhone,0,0
2/6/19 3:11,1.09E+18,"RT @ProudResister: You have to be really fucking stupid to believe that the investigations into Trumps campaign, inauguration, foundation, business and White House have nothing to do with Trump. They have everything to do with Trump. He is the mob boss at the center of it all. #TrumpCrimeSyndicate",Twitter for iPhone,1,1
2/6/19 3:11,1.09E+18,RT @BZZZOI: @Avramidusism @lucky_cloud2 I'll kill you,Twitter for iPhone,1,1
2/6/19 3:11,1.09E+18,"Being with my family means fending off politicking, guilt tripping, fake news, spin, and just plain lies. It's not cute - it's horrible.",Twitter for Android,0,1
2/6/19 3:11,1.09E+18,Dont celebrate fake wins over hard truths,Twitter for iPhone,0,1
2/6/19 3:11,1.09E+18,RT @unseen1_unseen: Dem females wearing white is such a stupid idea. Like they are sacrificial virgins or something.,Twitter for Android,1,1
2/6/19 3:11,1.09E+18,@irrelevant_ben @ShaneBoettiger fuck you ben,Twitter for Android,1,1
2/6/19 3:11,1.09E+18,"RT @YourDailyMcm: i dont care how old music is if i feel that shit, i feel it",Twitter for iPhone,0,0
2/6/19 3:11,1.09E+18,"RT @MarisaKabas: theres no such thing as an abortion moments before birth, you stupid motherfucker. you stupid, stupid, stupid motherfucke",Twitter for Android,1,1
2/6/19 3:11,1.09E+18,"After tonight you dont gotta worry about me, fuck you and that bitch https://t.co/4qR19EW0Ix",Twitter for iPhone,1,1
2/6/19 3:11,1.09E+18,RT @heather_lovelad: I just wanna fall so hard for someone and not feel so stupid after,Twitter for iPhone,0,1
2/6/19 3:11,1.09E+18,"three years loved you every single day made me weak it was real for me, yeah real for me now ill fake it every single day til i dont need fantasy, til i feel you leave but i still remember everything how wed drift buying groceries, how youd dance for me ill start letting g https://t.co/ZLrsLSeKNS",Twitter for iPhone,0,0
2/6/19 3:11,1.09E+18,Look at the assholes sitting at the thought of never bring a socialist country.  Fuck all of you socialist scumbag pieces of shit.  All of you. Every single one of you.,Twitter for Android,1,0
2/6/19 3:11,1.09E+18,https://t.co/fG0eIzIJL7 fuck you. how dare you not warn me. how dare you let me see her without preparing myself.,TweetDeck,1,0
2/6/19 3:11,1.09E+18,"RT @BSO: Ex-FSU Deondre Francois' GF Diamond Explains How She Faked Domestic Abuse Vid That Got Him Kicked Off Team; Claims She Was Mad He Wasn't Giving Her Attention & Was Hitting Him, But Edited That Part Out (Deleted IG Post-DV Video) http://bit.ly/2StGqiS ",Twitter for Android,0,0
2/6/19 3:11,1.09E+18,"@J_I_DoubleM @WWE @AJStylesOrg @WWEDanielBryan Yes, there are those. Agreed, but should we be punished because of the few, for having Creative put words in mouths so stupid and unnatural that they are absolutely ridiculous. Come on, at least let them rewrite or have input in the promos. But Trips and Vince cant",Twitter for iPad,0,0
2/6/19 3:11,1.09E+18,"Trump says we'd be at war with N Korea, if not for him! Bullshit! If N Korea fired a shot in anger, they'd be a smoking crater within thirty minutes! Trump might be so stupid, as to think that! Kim isn't! He wants to survive!",Twitter for Android,1,1
2/6/19 3:11,1.09E+18,i love looking at cat pictures but theyre making g me so sad rn I just miss him i feel so stupid for leaving the window open,Twitter for iPhone,0,0
2/6/19 3:11,1.09E+18,All over IG u got Niggas &amp; bitches talking shit bout herb BM who tf cares how this broad is dont follow her or watch her videos if yall hate the bitch so much,Twitter for iPhone,1,1
2/6/19 3:11,1.09E+18,RT @soopdug: One of the main reasons why a put fake tan on is so a dont cry hahahahaha st moriz has turnt me inty wan hard emotionless bast,Twitter for iPhone,0,1
2/6/19 3:11,1.09E+18,RT @FootbalIStuff: Shut up and take my money   https://t.co/1Vqx6Fc7rz,Twitter for iPhone,0,1
2/6/19 3:11,1.09E+18,"RT @dweinberger: We are deep into the portion of the speech where if you don't actually yell ""Fuck you, you family-destroying, woman-assaulting motherfucker!"" at your TV, you're thinking it so loud your neighbors can hear you.",Twitter for iPhone,0,0
2/6/19 3:11,1.09E+18,Trump is just such an insufferable loser. The man literally has no base now. He's so clueless it's downright pathetic. https://t.co/ONEzM6I9gh,Twitter Web Client,1,1
2/6/19 3:11,1.09E+18,"RT @bRihvnna: damn, im really in love and shit.",Twitter for iPhone,0,0
2/6/19 3:11,1.09E+18,RT @WayneDupreeShow: Liberals are getting their teeth kicked in but they are too stupid to realize it. #toothsucker #sotu,Twitter for iPhone,1,1
2/6/19 3:11,1.09E+18,RT @GuadeLoops_1995: Rosa &amp; I cant hang alone lmao this bitch pumps my head all the way up  have me ready to do allll types of  crazy shit,Twitter for iPhone,0,1
2/6/19 3:11,1.09E+18,"Cabin Talk channel. She explains how they are using predictive programming to normalize the shit they've been doing to us for decades to make it appear ""new"" when we inevitably uncover this deception. Sorry, not going to work this time assholes. Too late. https://t.co/NcA3bJIHvw",Twitter for Android,0,0
2/6/19 3:11,1.09E+18,Smirk#pelosi smirk.... You stupid supposed leader??? Go crawl in a hole.. you are dispicable,Twitter for Android,1,1
2/6/19 3:11,1.09E+18,Tbh i dont give a fuck what yall think lol fuck you and whoever else you wit,Twitter for iPhone,1,0
2/6/19 3:11,1.09E+18,I can't imagine watching this shit live.  The Twitter recap is making myself angry enough. #SOTU,Twitter for Android,1,0
2/6/19 3:11,1.09E+18,"RT @MarisaKabas: this stupid, stupid, stupid motherfucker has long been a fan of saying that doctors will rip a baby out of the womb in t",Twitter for Android,1,1
2/6/19 3:11,1.09E+18,"RT @HectorUCalzada: UW with 1 inch of snow: class is canceled be safe :) WSU with 6 inches of snow: lol good luck bitch attendance is mandatory, you slipped on ice? Lol fucking loser",Twitter for iPhone,0,1
2/6/19 3:11,1.09E+18,RT @fijieriin: i pray he doesnt make me look stupid.,Twitter for iPhone,0,1
2/6/19 3:11,1.09E+18,@7ifes I have done business with paypal since 2004.  They are VERY bad about withholding funds.  Sometimes it's because you haven't sold something in a while.  Or it's a huge amount or whatever.  Just stupid things is why I don't trust them anymore.,Twitter Web Client,0,1
2/6/19 3:11,1.09E+18,"For like $400 or so, stupid kids #BodyCam",Twitter for iPhone,1,1
2/6/19 3:11,1.09E+18,RT @lysamdarif: do bad or good there will be some peope that still gonna hate you,Twitter for Android,1,0
2/6/19 3:11,1.09E+18,#Israel is an apartheid state. Fuck you. #SOTU,Twitter for iPhone,1,0
2/6/19 3:11,1.09E+18,Shut up nigga,Twitter for iPhone,1,1
2/6/19 3:11,1.09E+18,You cant fix stupid. #SOTU19 #Vote2020,Twitter for iPhone,1,1
2/6/19 3:11,1.09E+18,but they treat me like they did everything right like they set me on a good path to grow as a person. No. They failed to set me up.. Im stuck learning shit and doing shit that i should had been did yall. this shit sum bull and im tired of it.,Twitter for Android,0,1
2/6/19 3:11,1.09E+18,But I'm a creep I'm a weirdo What the hell am I doing here? I don't belong here,Twitter for Android,0,0
2/6/19 3:11,1.09E+18,Hate A Fake Bitch,Twitter for iPhone,1,1
2/6/19 3:11,1.09E+18,"If you love someone let them go, if they come back then they are a piece of shit that no one else could love.",Twitter for iPhone,0,1
2/6/19 3:11,1.09E+18,RT @ImHatedByAll: When I fake my death and the life insurance check clears https://t.co/quEnFkGrsD,Twitter for iPhone,0,1
2/6/19 3:11,1.09E+18,@LisaMei62 She's sure trying too but just looks stupid...,Twitter Web App,1,1
2/6/19 3:11,1.09E+18,"@RebelOrgana ""Because I've done the same stupid things since the start and you still believed me everytime. I'm sorry! I know I hurt you, I know I hurt the kids but I still want you! I still love you!""",Twitter for Android,0,1
2/6/19 3:11,1.09E+18,@owain_supports //it's nice to showcase me weird obession for this serious by being a complete fool. What can I say i'm one for making stupid jokes,Twitter Web Client,0,1
2/6/19 3:11,1.09E+18,Eat shit Bernie Sanders. AMERICA WILL NEVER BE A SOCIALIST COUNTRY!!!,Twitter for Android,1,0
2/6/19 3:11,1.09E+18,Trump has us so far gone in stupid that tonights idiocy almost goes unnoticed. #SOTU,Twitter for iPhone,1,1
2/6/19 3:11,1.09E+18,@donnabrazile @staceyabrams I am so changing the channel. Loser.,Twitter for Android,1,1
2/6/19 3:11,1.09E+18,"RT @haaileeyy_: if its fuck me, its fuck u too bitch. &amp; thats forever. Ill make u stand on that shit.",Twitter for iPhone,1,1
2/6/19 3:11,1.09E+18,@WhiteHouse Oh my god just shut up.,Twitter for iPhone,1,1
2/6/19 3:11,1.09E+18,RT @Nylrebma_: Ppl will use you until they cant no more FAKE https://t.co/1Daj2yW68V,Twitter for iPhone,1,1
2/6/19 3:11,1.09E+18,All offense but how they gonna get a half black actress to play a full black girl and a half asian actor to play a full asian dude?? Is it that hard to find unambiguous monoracial pocs now or..??? https://t.co/q8hpW6nR4N,Twitter Web Client,0,0
2/6/19 3:11,1.09E+18,When you take a step back you realize so much shit,Twitter for iPhone,0,0
2/6/19 3:11,1.09E+18,I hate this fake president,Twitter for iPhone,1,1
2/6/19 3:11,1.09E+18,Why do all the heaters have to be on in the dorms. Its like 60 and stupid humid and you have it 80 and I'm sweating like I'm in Florida in the summer. Please. Turn the damn heaters off.,Twitter for Android,0,1
2/6/19 3:11,1.09E+18,RT @kenolin1: You have to be really stupid to do yoga with a gun in your pants. https://t.co/1kRNaJxzPv,Twitter for iPhone,1,1
2/6/19 3:11,1.09E+18,@BongsNThongsss Hate you ,Twitter for iPhone,1,0
2/6/19 3:11,1.09E+18,@CBSEveningNews @JeffFlake Shut up a flake... you don't matter any more.,Twitter for Android,1,1
2/6/19 3:11,1.09E+18,@_Pacheco331 @itsyosx Like shit! ,Twitter for iPhone,1,0
2/6/19 3:11,1.09E+18,The police department is treating this human trafficking shit a little to lightly. Ill bet my last dollar theres crooked cops involved in it that theyre protecting.,Twitter for iPhone,0,1
2/6/19 3:11,1.09E+18,RT @LewisCaralla: Fake Friends are like Shadows. They have your back in your brightest moments but are nowhere to be found in your darkest,Twitter for iPhone,0,1
2/6/19 3:11,1.09E+18,@RyanAFournier @AOC It's because she really is stupid.,Twitter for Android,1,1
2/6/19 3:11,1.09E+18,@AOC ..... what a sham you are. Sitting acting like a petulant child that didnt get her way. Here some news. Youre an idiot. You show daily that you care only about you. Typical spoiled brat. Only your voters are more stupid than you.,Twitter for iPhone,1,1
2/6/19 3:11,1.09E+18,"RT @kaylaaaa_07: a private relationship is the best relationship, nobody has to know our shit but us. simple.",Twitter for iPhone,0,0
2/6/19 3:11,1.09E+18,RT @lluong14: I hate dumb bitches who say guys cant dress like girls and girls cant dress like guys BITCH WHO TF ARE U TO SAY SHIT?? ,Twitter for iPhone,1,1
2/6/19 3:11,1.09E+18,Kevin Keatts is a loser,Twitter for Android,1,1
2/6/19 3:11,1.09E+18,"RT @rihanna: Typical fuck shit! Please, by all means, shock me next time...",Twitter for iPhone,1,0
2/6/19 3:11,1.09E+18,"RT @Emma_Aurora_: us gays really do love red and blue, dont we! #itstheLGBTQ  https://t.co/ZVDm09qXxu",Twitter for iPhone,0,0
2/6/19 3:11,1.09E+18,i will never understand how your exs closest friends will hit on you and still say dont tell him lmaooo. fake as hell boy.,Twitter for iPhone,1,1
2/6/19 3:11,1.09E+18,RT @HeatherLMaree: some of u still don't eat the crust on ur pizza like absolute fucking cowards. it's just bread. are u a toddler? ,Twitter for iPhone,1,0
2/6/19 3:11,1.09E+18,@HontzMichael @darrenrovell @theadvocateno The type of family that would put that in his obituary is the same type that would get a laugh out of this. Chill out loser,Twitter Web Client,1,1
2/6/19 3:11,1.09E+18,Just built a PC for my friend. Theres something about the rush of spending hundreds of dollars on computers parts and then going I hope this shit works when its time to turn it on.,Twitter for iPhone,0,0
2/6/19 3:11,1.09E+18,That stupid grin is because he knows Trump is right. It's sad Nancy gets her marching orders from AOC and in turn she keeps Chuckles on a short leash. https://t.co/8tMGLHAnvF,Twitter for Android,0,0
2/6/19 3:11,1.09E+18,"RT @__krristinna_: BEING NICE IS NOT BEING FAKE!!!! if you dont like someone, you dont have to go out of your way to make them feel bad ",Twitter for Android,0,1
2/6/19 3:11,1.09E+18,"Felix swore his heart stopped as Changbin stepped into view, a playful smile on his face as he cracked his hands. God, did his smile always look so ethereal? You, weirdo, Jisung answered with his own smile. Changbin snickered, shaking his head. Of course, snake.",Twitter for iPhone,0,0
2/6/19 3:11,1.09E+18,RT @tinyangrycrafts: My grandma- why is he trying to turn it to the 50s? I lived thru that shit.,Twitter for iPhone,0,0
2/6/19 3:11,1.09E+18,"You dont ban abortion, you ban SAFE abortion you stupid, senseless, self-centered Cheeto @realDonaldTrump",Twitter for iPhone,1,0
2/6/19 3:11,1.09E+18,RT @spicleangelo: Rt if you think the moon landing was fake https://t.co/4tu9s6rdZD,Twitter for Android,0,1
2/6/19 3:11,1.09E+18,"RT @inthiscoldworld: Hey men of Twitter, If you DM me and want to be rude, sexually inappropriate, send me dick pics, call me a bitch or",Twitter for iPhone,0,1
2/6/19 3:11,1.09E+18,Never trust a bitch thatll would fuck you for some purses,Twitter for iPhone,0,1
2/6/19 3:11,1.09E+18,@Acosta Fake investigation s almost at an end.,Twitter for Android,1,1
2/6/19 3:11,1.09E+18,my parents deadass think late term abortions are just for women who are like eh..i dont feel like wanting my kid anymore. lets kill it and not oh shit. if i carry this baby to term.. i/they will die and seriously got mad at me for stating.. facts..,Twitter for iPhone,0,0
2/6/19 3:11,1.09E+18,RT @FootbalIStuff: Haters will say its fake... Still better than?  https://t.co/MwIBvDabs0,Twitter for iPhone,0,1
2/6/19 18:25,1.09E+18,"@MeetThePress @SenWarren And meetthepress having done it's due diligence, investigating her claim has said nothing refuting her false claim till now. I cannot imagine why people call MSM fake news and liberal propagandist,  nope",Twitter for Android,0,0
2/6/19 18:25,1.09E+18,@rodney_cyrus If Cardiff leaked it that's just stupid but they're within their rights to refuse to pay until all this is concluded,Twitter for Android,1,1
2/6/19 18:25,1.09E+18,My yearbook would reveal that I was a loser,Twitter for iPhone,0,1
2/6/19 18:25,1.09E+18,"RT @keepsimplesoc: Youre an insincere, libel jerk &amp; so are your sidekicks.  Youre story feel apart on Don Jr &amp; now were to believe anyth",Twitter for iPhone,1,1
2/6/19 18:25,1.09E+18,"RT @Rich_Harris: Tens of thousands of celebrities, businesspeople, musicians, models, porn stars and 'influencers' bought millions of fake Twitter followers, some of which had stolen the identities of real people. This is the most fun I've had working on a story in a while.",Twitter Web App,1,0
2/6/19 18:25,1.09E+18,"RT @Salvesayson: Some people are real, some people are good, some people are fake and some people are real good at  #ALDUB186thWeeksary ",Twitter for iPhone,0,1
2/6/19 18:25,1.09E+18,"@LesBowen A while ago, I went as Landon Calrissian for Halloween. I wore a wig and a fake moustache (couldnt grow one at the time), and wore clothes like his. Everyone knew who I was even though Im super white ",Twitter for iPhone,0,1
2/6/19 18:25,1.09E+18,RT @hina_slays: @eyehinakhan Its sad When a woman bring down another woman doing one show that too by fake auditions. How these verified,Twitter Web App,0,1
2/6/19 18:25,1.09E+18,I am a victim of fake news... apparently there is whatsapp message doing the rounds saying I was married to someone named Lawrence Mulaudzi. The person is apparently implicated in corruption e.t.c. Very distressing! I don't even know this person!!,Twitter for Android,0,0
2/6/19 18:25,1.09E+18,@ArianaGrande describe fake smile in 3 words,Twitter for iPhone,0,1
2/6/19 18:25,1.09E+18,At work feeling like complete shit.,Twitter for iPhone,0,0
2/6/19 18:25,1.09E+18,#Sanders appears to fake phone call to avoid awkward question on #Fairfax sexual assault allegations https://t.co/0HjpTTZRWG Henry Rodgers,Twitter Web Client,0,0
2/6/19 18:25,1.09E+18,I know youre probably not gonna read this but I just thought I let you know that I love what youre doing holding off the album to make it perfect I believe its gonna be big and going to be in Banger. And fuck whoever says that youre falling off.There ignorant as shit @UglyGod,Twitter for iPhone,0,1
2/6/19 18:25,1.09E+18,RT @samjawed65: Join the fight against fake news. Support Alt News. https://t.co/2LDglBRPm0,Twitter Web App,0,1
2/6/19 18:25,1.09E+18,WhatsApp 'deleting 2m accounts a month' to stop fake news https://t.co/hbAUsQmlUL,Twitter for Android,0,1
2/6/19 18:25,1.09E+18,"@jeneps @Smith83K You can see from his record he has evolved as a person...yes he made a bad stupid choice at age 19. As he agreed he met people, spoke with them, perhaps empathized with them and became a better human. I'm willing to cut him some slacking",Twitter for Android,0,0
2/6/19 18:25,1.09E+18,"@Bignitchswag Lol,forgt the crowd bro,u can fake the crowd but u cant fake the love. Buhari can never get up to 30% from Benue.Most of the people there were not even smiling,a president who refused to pay homage to traditional rulers.Atiku in Benue on Friday,watch and see the diffrn. https://t.co/8tMoWyZfd1",Twitter for iPhone,0,1
2/6/19 18:25,1.09E+18,@Jenn198523 @JeanneFoguth She cant remove the troops only the guard which is stupid. It seems like the guard can help with humanitarian aid at her instruction. Not her concern I guess. She must want the federal aid for them which in my opinion should be blocked. Kick ICE out too like los Angeles did.,Twitter for Android,1,1
2/6/19 18:25,1.09E+18,"All this fake sugar babies just take off immediately they receive money in their PayPal.I still want to consider a loyal baby for $1200 weekly,on my terms .dm rt and follow. #sugardaddy #sugarbaby #sugarbabyneeded #sugarbaby twitter, #december",Twitter for Android,0,0
2/6/19 18:25,1.09E+18,"RT @LarrySabato: Yes, this really happened. Was said in a private meeting but took about 5 minutes to leak. How stupid. Really, really stupid",Twitter for iPhone,1,0
2/6/19 18:25,1.09E+18,"""wYd fOr VaLeNtinE's dAy?""Nothing. It's Thursday, I work, and love is fake.",Twitter for iPhone,0,1
2/6/19 18:25,1.09E+18,"RT @itsrealwords: You can fake a smile, but you can't fake your feelings.",Twitter for iPhone,0,1
2/6/19 18:24,1.09E+18,RT @huudaa_hn: Keep your fake promises for yourself.,Twitter for iPhone,1,1
2/6/19 18:24,1.09E+18,RT @remggukie: me when i saw fake love mv for the first time and jungkook lifts up his shirt https://t.co/MLHzvS5UzE,Twitter for iPhone,0,1
2/6/19 18:24,1.09E+18,RT @bananacakezz: i want more friends that compliment me behind my back and talk shit to my face,Twitter for iPhone,0,0
2/6/19 18:24,1.09E+18,RT @dopegirlfresh: so theres video of a school cop beating on a black girl. i respectfully implore everyone to discuss it/ post info about the school without sharing the video. itï¿½s awful. itï¿½s brutal. nobody needs to see it in order to understand that itï¿½s wrong.,Twitter Web App,0,0
2/6/19 18:24,1.09E+18,"@waqas_x @Lord_ofNo_Where Yes, I understand the state's legitimate worries. But a knee-jerk reaction isn't going to make things better.",Mobile Web (M2),0,1
2/6/19 18:24,1.09E+18,RT @niyathebrat: Being attractive so hard...Everybody wanna fuck you nobody wanna love you ,Twitter for iPhone,0,0
2/6/19 18:24,1.09E+18,@stew_ham @lincoln_hammer What a stupid design!!!  @GarminUK,Twitter for Android,1,1
2/6/19 18:24,1.09E+18,@shadysheikh25 @Hannan_Zikrea @Proxyfor333 Dont call me stupid ok Hunzala already did that ,Twitter for iPhone,1,1
2/6/19 18:24,1.09E+18,"RT @ezralevant: Who is this weirdo who thinks Jews don't believe in heaven? Is this some sort of anti-Semitic troll, implying that Jews do",Twitter for iPhone,1,1
2/6/19 18:24,1.09E+18,@anjgelica ur a fucking crack head delete this shit,Twitter for iPhone,1,1
2/6/19 18:24,1.09E+18,RT @niccmcgrory: A swear fake tan takes two inches off your waist,Twitter for iPhone,0,1
2/6/19 18:24,1.09E+18,RT @warmzukc: i miss his stupid mullet &gt;:( and pretty eyes &gt;&gt;:( and CROPPED JACKET &gt;&gt;&gt;:(((((,Twitter for iPhone,0,1
2/6/19 18:24,1.09E+18,im stupid please ignore me i dont claim me,Twitter for iPhone,0,0
2/6/19 18:24,1.09E+18,RT @OfficialShinski: A woman will beg a man for months to get it together & the day that she decides to leave heï¿½ll try to make it right. Then tell everybody that he tried but she didnï¿½t care but left out she been saying the same shit for the past 6 months before she gave up,Twitter for iPhone,0,0
2/6/19 18:24,1.09E+18,Name used out of the #Democrats hand book &amp; everyday used on all #MSM Fake News! https://t.co/P9pie6GHAH,Twitter Web Client,0,1
2/6/19 18:24,1.09E+18,Yall eat taco salad hot or cold??? Asking to settle a debate with my weirdo friends,Twitter for iPhone,0,1
2/6/19 18:24,1.09E+18,@JamesCarrots @SportsTalkBarry @Matt_Bryant3 You are stupid to think that's true,Twitter Web App,1,1
2/6/19 18:24,1.09E+18,@Sammi__007 @eri_kahhh @Thomas_ETHN @JehovaThicknes Pfff loser go move your country to central Africa well see how they will treat you guys.,Twitter for iPhone,1,1
2/6/19 18:24,1.09E+18,@Milanda__ There was this teacher who was in tears while detailing the abuse she got from one of these brats where this child unwrapped a condom and flang it at her saying I wanna fuck you teachers are under siege and Government isnt doing anything,Twitter for iPhone,1,0
2/6/19 18:24,1.09E+18,@M__Omer1 @sam3398 @pleeezing @basilAhmad1988 @AhmedSabahat @AyazTheCarstop @PakistaniMurabi @98765432l_ @doubtingahmadi1 @LancelotYT @Tarik_Chaudhary @Ahmadiyyafactch @fariz47 @muslim1148 @Sh3rjeel @farishtaT1 @ImadAdDiin @TheFaizShams @AieshaShams @nmahmood2505 @Ruby_RDeeR @yasir_prof @dhiraj12345678 @TheRealDude78 @cisse_ayub Allah says Shaeeds are also alive but we dont know about the nature of their Life. So how Allah is keeping His prophets should be beyond our scope and comprehension. Why these Najs are talking about Prophets? They should enjoy mockeries of their fake one.,Twitter for iPad,1,1
2/6/19 18:24,1.09E+18,"@xrptothemoon11 @Kaleb4rest @JamesDa47116905 @Moog20011 @Hodor @haydentiff @XrpCenter @NordicAnn @ino_yosui @eddie_GTR_xrp @wsculley @JoelKatz @kieranmlkelly I agree. I think for this theory to work for upward price movement, we'd have to presume that people are endlessly gullible, and Ripple is willing to exploit it dependably. Both ideas seem crazy to me, even crazier than the idea that fake news alone could cause significant gains.",Twitter Web Client,0,0
2/6/19 18:24,1.09E+18,"RT @adamjohnsonNYC: Wall Street weirdos foaming at the mouth for Venezuela's resources is my shit, especially the part where they gloss over",Twitter for iPad,0,1
2/6/19 18:24,1.09E+18,RT @_amandasteffen_: id rather ride alone than have fake friends :),Twitter for iPhone,0,1
2/6/19 18:24,1.09E+18,"RT @pinupteacher: How to be a grown up at work: Replace ""Fuck you"" with ""Ok, great""",Twitter for iPhone,0,0
2/6/19 18:24,1.09E+18,@ArianaGrande im so excited for fake smile tbh,Twitter for iPhone,0,1
2/6/19 18:24,1.09E+18,"@johnhornor They almost seem like real names, but not quite.  Reminds me of this song with fake english:  https://t.co/AdJFo3i2ck",Twitter Web Client,0,1
2/6/19 18:24,1.09E+18,omg girl shut up https://t.co/ZpPpTU0Kuh,Twitter for Android,1,1
2/6/19 18:24,1.09E+18,@SFGiants Yall Stupid if you trade Cueto for Jacoby Ellsbury,Twitter for iPhone,1,1
2/6/19 18:24,1.09E+18,RT @badazzmyaa: I love this shit k https://t.co/sy2975Ubx1,Twitter for iPhone,0,0
2/6/19 18:24,1.09E+18,RT @TunstellChris: I could never delete my Twitter Im going to die with this shit lol,Twitter for iPhone,0,0
2/6/19 18:24,1.09E+18,@WalshFreedom Totally agree. It was stupid but we all have done stupid stuff we are ashamed of now.,Twitter for iPhone,0,1
2/6/19 18:24,1.09E+18,@rawdealdemo Fuck you dude!!!,Twitter for iPhone,1,0
2/6/19 18:24,1.09E+18,I knew you wouldnt pay. I was stupid to even try to fuckin help you. Never again.,Twitter for iPhone,1,1
2/6/19 18:24,1.09E+18,"Internet is being stupid today. Only have mobile data and I barely get signal at home. Google docs is a good for writing,but without internet it doesn't really work. Still haven't figured out how to set things to be available offline.",Twitter Web App,0,0
2/6/19 18:24,1.09E+18,"I think I'll stay single for another year. Still under massive construction This self ""love"", doing ""you,"" typa shit aint easy but it's all worth it in the end. Im putting myself first and I'm doing so well.",Twitter for Android,0,0
2/6/19 18:24,1.09E+18,"By the last years of high school, I was out of my emo/screamo phase because I worried I might look like a poser. But I came back to it at the end of college and realized how many fond memories that point in my life brought me. I guess I did really end up being a poser after all. https://t.co/rCkQDMiNWx",Twitter for Android,0,0
2/6/19 18:24,1.09E+18,"@Da_Dutches I agree,  the standard for hip hop has fell over the years.  Cuz had Nicki admitted to not writing her own shit,  she would have been demolished.  But cardi admits she doesn't write all her music, and I didn't expect the crowd to hate her but I didn't think they would praise her",Twitter for Android,0,0
2/6/19 18:24,1.09E+18,"For the sake of whatever you hold dear, words hurt! When are you going to understand that?! Use them wisely. Or just shut up.",Twitter for Android,0,1
2/6/19 18:24,1.09E+18,RT @bleuesttriste: Fucking communicate and stop assuming shit,Twitter for iPhone,1,0
2/6/19 18:24,1.09E+18,@R_M_Huffman @AOC @KamalaHarris @HillaryClinton @SenWarren @SenGillibrand @TeamPelosi Or you could stay in your fucking lane and mind your own business. It does not affect you. Quit trying to impose your will on others. ALSO: Men couldshutthefuckupaboutabortionforever!Easy to talk shit when you can cum and run. Sit down,Twitter for iPhone,1,1
2/6/19 18:24,1.09E+18,this shit is so ugly https://t.co/pvsVfVci8J,Twitter for iPhone,1,0
2/6/19 18:24,1.09E+18,@hockeynight @harrisoncbc Of course they can.  Stupid question. What's the concern? NFL and NBA broke this barrier already.,Twitter for Android,1,1
2/6/19 18:24,1.09E+18,Senior year comes with so much little extra shit I hate adulting,Twitter for iPhone,1,1
2/6/19 18:24,1.09E+18,"""Fake it till you make it""",Twitter Web Client,0,1
2/6/19 18:24,1.09E+18,RT @KARIFAUX: BITCH IM BOUT HAPPY AS SHIT,Twitter for iPhone,0,1
2/6/19 18:24,1.09E+18,RT @Ayyaansiddiqui1: Valentine's. Day For A Fake Lovers Real Lovers Celebrate Wedding_day,Twitter for Android,0,1
2/6/19 18:24,1.09E+18,"@TeamCavuto what a loser you are ! Bill Kristol Brain . I no longer record or watch you , not for a long time. https://t.co/J9H2lugY7Z",Twitter for iPhone,1,1
2/6/19 18:24,1.09E+18,@asvpxrocky This shit fuckin amazing,Twitter for iPhone,0,0
2/6/19 18:24,1.09E+18,Shut up if you can't ill eat you up e dok,Twitter for iPhone,1,1
2/6/19 18:24,1.09E+18,My wife's name is Roslyn. The things I call her are... Baby Baby cakes Angel Angel face Angel face lady Fuckface YumYums Pretty Gorgeousness Shit tits My life size womanly shaped spunk collection tray Wifey #love #MarriedLife  #truelove,Twitter for Android,0,0
2/6/19 18:24,1.09E+18,"RT @bgcslave: ""The only thing that's fake about me, IS THIS LEG!"" #RHONY https://t.co/h7bFVsZhkF",Twitter Web App,0,1
2/6/19 18:24,1.09E+18,I hate asking people to do shit for me,Twitter for iPhone,0,1
2/6/19 18:24,1.09E+18,RT @_hadoila: This is the cutest shit everrrr https://t.co/wuXDfxe0uP,Twitter for iPad,0,0
2/6/19 18:24,1.09E+18,"@JeoKekGod YouTube blocks videos that talk shit about feminism or anything with politics, but doesnt block videos that show people killing them selves that YouTube with their broken ass copyright claims",Twitter for iPhone,0,0
2/6/19 18:24,1.09E+18,@TDodson48 I LOVE GAY SHIT,Twitter for iPhone,0,0
2/6/19 18:24,1.09E+18,@BookSuperhero2 @BarryLoser @EgmontUK Barry Loser - How to survive life,Twitter for Android,1,1
2/6/19 18:24,1.09E+18,I have to change some shit up.,Twitter for iPhone,0,0
2/6/19 18:24,1.09E+18,Shut up bitch,twittbot.net,1,1
2/6/19 18:24,1.09E+18,@SenSchumer YOU NEED TO SHUT UP! YOU OPEN YOUR MOUTH AND LIES SPEW OUT! YOU ARE DIVISIVE YOU FIGHT THE AMERICAN PEOPLE!! OUR DAY IS COMING AND I WILL DO A HAPPY DANCE ALL DAY THINKING OF YOU IN JAIL!! @realDonaldTrump @POTUS #WWG1WGA #QAnon https://t.co/PETsunGBWC,Twitter Web Client,1,1
2/6/19 18:24,1.09E+18,@sofilovescardi isn't fake that's @kingofmycardib1 Backup Account https://t.co/J0WgD31r35,Twitter for Android,0,1
2/6/19 18:24,1.09E+18,"That's why I hate the ""You don't work you don't deserve to eat"" shit... Top 5 on my worst scriptures of all times list...",Twitter for Android,0,0
2/6/19 18:24,1.09E+18,@brendonurie Right now I hate you. My sister bought tickets to go on your concert in Offenbach Germany she was so excited and so happy. And now you cancelled the concert. Thats not fair okey? I mean the concert was sold out. She and many oder Peoples are so sad now.,Twitter for iPhone,1,0
2/6/19 18:24,1.09E+18,Police: Pilot in Fatal California Crash Had Fake Records https://t.co/f377AWHgjm via @epochtimes,Twitter Web Client,0,1
2/6/19 18:24,1.09E+18,"I hate my school with a burning passion. They throw me in a program I dont want to be in, screw up my finacial aid, then won't let me transfer to the program I actually want to be in. Fuck you, you wont get one more penny from me.",Twitter for Android,0,0
2/6/19 18:24,1.09E+18,"@kasie @GeoffRBennett @jonallendc Well Bye, Bye Fairfax. What a stupid thing to do. Doesnt he realize how scrutinized he is now. There are no secrets.",Twitter for iPhone,0,1
2/6/19 18:24,1.09E+18,@agustgcfs Fake Love or Mic Drop,Twitter for Android,0,1
2/6/19 18:24,1.09E+18,@WhiteHouse Wasn't CNN Fake News ? I'm confused.,Twitter Web Client,0,1
2/6/19 18:24,1.09E+18,@chuckschumer Wall Streets biggest receiver but FIGHTING for the middle class. You are a phony and a loser. Hate the Giants and Yankees. What you really care about is the power and the $$$$$. Ruining this country. Bet you liked Trump when he gave you that contribution.,Twitter for iPhone,1,1
2/6/19 18:24,1.09E+18,RT @engadget: WhatsApp deletes 2 million accounts per month to curb fake news https://t.co/xAtJsWt2CZ,Twitter for iPhone,0,1
2/6/19 18:24,1.09E+18,@ArianaGrande smh all my friends love to call me their gay best friend but none of them do shit like this to me i needa re think my choices,Twitter for iPhone,0,0
2/6/19 18:24,1.09E+18,Honestly the thing with me is that I might talk shit but Ill air a bitch out to her face too but like I cant stand when bitches be fronting like stick to what you said! Wanna call me a bitch behind my back? SAY IT TO MY FACE,Twitter for iPhone,0,1
2/6/19 18:24,1.09E+18,RT @wordstionary: The problem with the world is that the intelligent people are full of doubts while the stupid ones are full of confidence.,Twitter for iPhone,0,1
2/6/19 18:24,1.09E+18,I'll go with Mitch McConnell is really stupid!  Do you think he's a RINO? https://t.co/dUqvaI3wNR,Twitter Web Client,1,1
2/6/19 18:24,1.09E+18,@Luluwendaba I hate you ,Twitter for Android,1,0
2/6/19 18:24,1.09E+18,"RT @MiriamShehu: Hello @USEmbassyAbuja, @UKinNigeria the governor of Kaduna state, @elrufai threatens to kill you people ",Twitter for Android,0,0
2/6/19 18:24,1.09E+18,"@R_M_Huffman @AOC @KamalaHarris @HillaryClinton @SenWarren @SenGillibrand @TeamPelosi Or maybe they could use birth control?Although, they would be wise to not want the likes of you inside them.You are clearly a jerk.",Twitter Web Client,1,1
2/6/19 18:24,1.09E+18,I seriously dont understand how youre so beautiful. Like that shit CRAAAZZYYYI dont understand how in the FUCK youre so fucking gorgeoouussssss oh my fuck GAAAWWDDDDD my heart cant take diiiissssss.,Twitter for iPhone,1,0
2/6/19 18:24,1.09E+18,@Rai2Raiven They looking like this bitch think this shit sweet,Twitter for iPhone,1,1
2/6/19 18:24,1.09E+18,"I think my views on things are quite simple. I had a friend tell me that @realDonaldTrumps wall is a bad thing.  I said No worries, just take your doors off your house and see if your stuff is there when you come home. He laughed and said Thats stupid!",Twitter for iPhone,0,0
2/6/19 18:24,1.09E+18,RT @rulxxr: Priests be touching lil boys and shit but hate gays. How that work,Twitter for iPhone,0,0
2/6/19 18:24,1.09E+18,@PrimeDobbs @MySportsUpdate shut up i have faith in dimitroff bryant is injury prone,Twitter for iPhone,1,1
2/6/19 18:24,1.09E+18,RT @Lexual__: Stupid people really hurt my feelings. It makes me uncomfortable that theyre so comfortable being loud and wrong. I want bet,Twitter for iPhone,0,0
2/6/19 18:24,1.09E+18,"RT @RealSaavedra: How stupid are you?The sale was made in 2014, under the *Obama* administration. https://t.co/WM2rmYP0AE",Twitter for Android,1,1
2/6/19 18:24,1.09E+18,"RT @goofy_ebooks: PLEASE DON'T FUCK! If you do, I will kill you, you sick mother fucker. You bastard bitch, I hate you.",Twitter for iPhone,1,1
2/6/19 18:24,1.09E+18,RT @SirGeraldMcD: @ObiWokKanobe Fake account. Came across it recently and got drawn in. Not sure it's even human. Suspect AI.,Twitter Web Client,0,1
2/6/19 18:24,1.09E+18,RT @Troniiq_Sithole: Your boyfriend is out there telling his side chick that he can't break up with you cause you'll kill yourself.,Twitter for iPhone,0,0
2/6/19 18:24,1.09E+18,This jerk chicken plate is warming my soul like no other,Twitter for iPhone,0,1
2/6/19 18:24,1.09E+18,I always thought that the rebuttal was a stupid idea.  It is devise. Commentary can come after the speech.  Let people make up their own minds. https://t.co/5HgKgJ03HH,Twitter Web Client,0,1
2/6/19 18:24,1.09E+18,"RT @carlaweller: @Grade4KPS Im having a Jamaican lunch today!!  Jerk pork, rice and peas, curry chicken, fish, ox tail and steamed veggi",Twitter for iPhone,0,1
2/6/19 18:24,1.09E+18,You gotta start acting sick around the crib. A little fake morning sickness. When she asks you what's wrong - boom! Tell her you're pregnant. Her reaction will let you know exactly how you need to proceed. https://t.co/AeoL6W9Kut,Twitter for iPhone,0,0
2/6/19 18:24,1.09E+18,"@geosspone @pnwbeardeddude @julissaarce @AOC Stadard protocol, was used in the previous Presidents Administration as well. How many have legal documents stating they are the parents or legal guardians? How many of those papers are fake? If they really want asylum, why aren't they going through a port of entry?",Twitter for iPhone,0,0
2/6/19 18:24,1.09E+18,@ArianaGrande a musical hug omg shut up thats so cute,Twitter for Android,0,1
2/6/19 18:24,1.09E+18,Bp better drop the fake cute voices while promoting in america,Twitter for iPhone,0,1
2/6/19 18:24,1.09E+18,RT @MuslimIQ: TW Child abuse Four grown white men punch & slam a black girl onto a table & pull at her hair in a violent arrest This reportedly took place at Hazleton Area High School in Pennsylvania Cops can arrest a white mass murderer calmly but slam black kids.,Twitter for iPhone,0,0
2/6/19 18:24,1.09E+18,"RT @DavidJHarrisJr: Typical liberal... Deny, lie and shift blame! She thinks were all stupid!!! https://t.co/QT8qicJpua",Twitter for iPhone,0,0
2/6/19 18:24,1.09E+18,Stupid people piss me the fuck off,Twitter for iPhone,0,1
2/6/19 18:24,1.09E+18,This is why people call you FAKE NEWS. We all know had this been a republican senator it would be captioned as blackface. https://t.co/Iq3BaJQFK1,Twitter for Android,0,1
2/6/19 18:24,1.09E+18,This tweet coming from the biggest loser on this app  https://t.co/fxwwCP2e76,Twitter for Android,1,1
2/6/19 18:24,1.09E+18,RT @zoestirrett: College would probably be a lot easier if I wasnt stupid,Twitter for iPhone,0,0
2/6/19 18:24,1.09E+18,"@_xAnya Yassss this my shit tooo Bitch dont make me put my wig in a rubber band, slap a bitch down, with the fuck shit, yall hoes better tighten up",Twitter for iPhone,1,1
2/6/19 18:24,1.09E+18,"@renato_mariotti Trump thinks the majority of Americans are that stupid. Sad enough that he STILL has people pressing that like button, believing this insane person. I fear he will be re-elected if nothing major finally happens, prohibiting this.",Twitter for iPhone,0,1
2/6/19 18:24,1.09E+18,@BebeRexha Nah .. The best thing you did is buy yourself that  .. Haters are gonna hate .. You keep your head up and let those haters keep hating,Twitter for iPhone,0,0
2/6/19 18:24,1.09E+18,List of a few mainstream fake news story writing robots ActiveReports Actuate Corporation AnyChart BOARD Business Objects Cognos BI Crystal Reports CyberQuery DevExpress Reporting GoodData icCube I-net Crystal-Clear InetSoft Information Builders' FOCUS and WebFOCUS Infragistics,Twitter for Android,0,0
2/6/19 18:24,1.09E+18,"I am a loser, and I self-deprecate.",Twitter for Android,0,1
2/6/19 18:24,1.09E+18,"I'm fucked for my maths test tomorrow, I'm done for, I swear I'm about to fail that shit like the dumbass I am",Twitter Web App,0,0
2/6/19 18:24,1.09E+18,RT @Unkle_K: What kind of stupid nigga question https://t.co/J2x60z3zo4,Twitter for iPhone,1,1
2/6/19 18:24,1.09E+18,"@SueBeeHun @Lauren_Steiner @kthalps @staceyabrams He gave his speech after hers.  How did that ""butted into the official response""?  This is so pathetic and stupid.",Twitter for iPhone,1,1
2/6/19 18:24,1.09E+18,"RT @josephfcox: Using fake invoices to trick Apple into removing iCloud from an iPhone has a high success rate, and one person also spoke about bribing Apple store employees to do the job for them ",Twitter Web Client,0,0
2/6/19 18:24,1.09E+18,"RT @MizzAina: Lmao!RT @Aikhomu1: My stupid househelp killed mosquito on the wall of my house in Banana-Island, so I bought another house...",Twitter Web App,0,1
2/6/19 18:24,1.09E+18,Kill me if I snitch because if you snitch in gone kill you ,Twitter for Android,1,0
2/6/19 18:24,1.09E+18,@TulsiGabbard I agree government is stupid and create laws that reflect it.,Twitter for iPhone,1,1
2/6/19 18:24,1.09E+18,"@TiceRichard @ranglianjustin I cant believe even he would be so stupid to say something like that, he obviously doesnt understand the British mentality, you pixx us off we get stronger. Cheers Donald.",Twitter for iPhone,1,1
2/6/19 18:24,1.09E+18,@sunshinesdae @btsoutsoldss @OT7wrecked at least they attending and they will slay which your fav isn't so shut up,Twitter for iPhone,1,1
2/6/19 18:24,1.09E+18,"People May Hate You For Being Different and Not Living By Society's Standards,but Deep Down,They Wish They Had The Courage To Do The Same - Kevin Hart",Twitter for Android,0,0
2/6/19 18:24,1.09E+18,"@Princess_AmberG Be careful with your teeth and get it checked out -- a simple abscess can literally kill you because it's so close to the brain, so be safe! :(",Twitter for iPhone,0,1
2/6/19 18:24,1.09E+18,"@joe_dougherty @SebGorka Well, youre just stupid and havent been paying attention to @AOC at all.",Twitter for Android,1,1
2/6/19 18:24,1.09E+18,@LARRAYXO @LARRAYXO Im ugly as shit so your good #selfiesforlarray https://t.co/O7vAz8lJZi,Twitter for Android,0,1
2/6/19 18:24,1.09E+18,I hate the dentists office... Im really scared because I most likely have a cavity cause my teeth are stupid with their deep ass grooves and I dont know if my wisdom teeth are in there fucking shit up but hhhhhh I hate it ;_;,Twitter for iPhone,0,0
2/6/19 18:24,1.09E+18,"@maarisun If you already finished that shit, fuck you",Twitter Web Client,1,0
2/6/19 18:24,1.09E+18,"RT @joelymack: If we #Brexit, I'm taking over a field, building a commune, living off the land, and saying 'fuck you' to the Government. They can shove their council tax. Who's in?",Twitter for iPhone,1,0
2/6/19 18:24,1.09E+18,someone buy her ticket otherwise she wont shut up moaning https://t.co/xHxudFwZRu,Twitter for Android,1,1
2/6/19 18:24,1.09E+18,Fuck you @ATT and Greg. https://t.co/yGGazJ2LtO,Twitter for iPhone,1,1
2/6/19 18:24,1.09E+18,im literally so stupid i just slept through my only 2 classes today ... smfh,Twitter for iPhone,0,1
2/6/19 18:24,1.09E+18,"@MirumSilentium ""I hate you too.""",Twitter for Android,1,0
2/6/19 18:24,1.09E+18,RT @strietzel_nic: If you have plans to die with your SISTER shit must really be tough,Twitter for iPhone,0,1
2/6/19 18:24,1.09E+18,"RT @arjmxrell: shit, i miss you",Twitter for iPhone,0,0
2/6/19 18:24,1.09E+18,"@urban_elegance I had forgotten who it was, lol. Which one was it again? I think its valid in some ways. I never see white gays on here talking as much shit or coming for white porn performers. But I see Black gays do it all the time. Maybe proximity has something to do with it? But still.",Twitter Web Client,1,0
2/6/19 18:24,1.09E+18,@Noura51405745 @ot4Beulping @ughpjmn @Bartolomeo_29 @firstsight_jk i see that u look so stupid and mad,Twitter Web App,1,1
2/6/19 18:24,1.09E+18,The hate and shit these people say behind my back only fuels me more They WISH they could do what Im doing https://t.co/VglG85TUU4,Twitter for iPhone,0,0
2/6/19 18:24,1.09E+18,RT @amethystpohlman: fake it till ya make it https://t.co/y5eyHUxccV,Twitter for iPhone,0,1
2/6/19 18:24,1.09E+18,"I honestly haven't even gotten started on this subject, but this is where I'm going to end it because I have shit to do. Fuck VA, fuck the ""good ol' boys"" club and fuck ""boys will be boys"".",Twitter for iPhone,1,0
2/6/19 18:24,1.09E+18,"RT @prophethusband: hes not going to fuck you, you massive fucking nerd https://t.co/WLwRWYaXqv",Twitter Web Client,1,1
2/6/19 18:24,1.09E+18,@rota7070 @thestaredmonton @TorontoStar Oh shut up.,Twitter for Android,1,1
2/6/19 18:24,1.09E+18,@ramirezmarisol_ This bitch would say some shit like  I dont think this is an appropriate way of dealing with your problems with me,Twitter for iPhone,1,1
2/6/19 18:24,1.09E+18,"@Woz_Action ( they also have ME blocked so I can't see it,but I don't care, they're a jerk )",Twitter for iPhone,1,1
2/6/19 18:24,1.09E+18,Shut up https://t.co/n6GV3wLdYM,Twitter for Android,1,1
2/6/19 18:24,1.09E+18,@Valerinaaa24 Lmao I hate you ,Twitter for iPhone,1,0
2/6/19 18:24,1.09E+18,"@1ORGNLZEN @queenofthevibez Jesus Christ , shut up!",Twitter for iPhone,1,1
2/6/19 18:24,1.09E+18,RT @lifeasrockyy: I will NEVER ask a BITCH why she doesn't like me Girl FUCK you and your reasons,Twitter for iPhone,1,1
2/6/19 18:24,1.09E+18,RT @etrnalatake: @rgxscope @Bos_Laflare yall just making shit up at this point,Twitter for iPhone,1,0
2/6/19 18:24,1.09E+18,"@jose_themba A ex close ""friend"" of mine left the squad for my ex bitch  . Bitch dropped him like shit coz she was only with him tryna spite me . I like how Karma works ",Twitter Web Client,0,1
2/6/19 18:24,1.09E+18,But Bitch Im Your Homie So How could you Leave Me out Here STRUGGLING Showing you Fake,Twitter for iPhone,1,1
2/6/19 18:24,1.09E+18,RT @Rinawbu: We all die you either kill yourself or get killed WHATCHU GON DO,Twitter Web Client,1,1
2/6/19 18:24,1.09E+18,@DPJHodges Maybe he recognises that no deal would be suicidally catastrophic to the UK economy and assumes at the last minute UK MPs will accept whatever deal avoids this. So why would he change the deal to allow a hard border in the future because of a stupid threat now?,Twitter for iPhone,0,0
2/6/19 18:24,1.09E+18,@2FeetMarketing Really #Google? Its #MeWe time! MeWe welcomes all #GooglePlus users to a better home! MeWe is social done right. Great groups and pages. No ads. No spyware. No boosted fake news. No political bias. No newsfeed manipulation. NO BS! #RIPGooglePlus #Privacy https://t.co/QMoIylHoqQ,Twitter for iPhone,0,0
2/6/19 18:24,1.09E+18,RT @korinykoleee: Im the only girl I know that doesnt wear fake eye lashes,Twitter for iPhone,0,1
2/6/19 18:24,1.09E+18,or maybe i should just use fake hair or like a wig,Twitter Web Client,0,1
2/6/19 18:24,1.09E+18,I hate caring about somebody because I start to care about your responses and shit throws me off,Twitter for iPhone,0,0
2/6/19 18:24,1.09E+18,How is this ugly ass Cheeto always going off talking about fake news when hes saying shit like this lmao BITCH talk about fake news  https://t.co/J4h46yN0oS,Twitter Web Client,1,1
2/6/19 18:24,1.09E+18,@itsCheeeks I hate that shit!!! Gotta start embarrassing niggas,Twitter for Android,1,1
2/6/19 18:24,1.09E+18,WTF Marek Hamsik to China?? Fuck you Napoli. He deserves better.,Twitter for Android,1,0
2/6/19 18:24,1.09E+18,@sujusway you can break fridge now after the vacuum cleaner and... they can kill you,Twitter for Android,0,1
2/6/19 18:24,1.09E+18,@thebradfordfile Abrams is a loser and she's the best they have...  think about that.,Twitter for iPhone,0,1
2/6/19 18:24,1.09E+18,RT @shuuuuuuk1: Nobody should be allowed to deny you in public and fuck you in private,Twitter for iPhone,0,0
2/6/19 18:24,1.09E+18,"@M00NShoez Shit, you right ",Twitter for Android,0,0
2/6/19 18:24,1.09E+18,BITCH THATS A CANNON FROM THE FUCKING 1800s GO AHEAD TRY AND SHOOT ME WITH IT FUCKING STUPID SWINE https://t.co/YXSVBT69nE,Twitter for iPhone,1,1
2/6/19 18:24,1.09E+18,@ayoonicolee__ Lmao go delete you other tweet to say this shit yeah bitch Im irrelevant but yet your still trying to talk ,Twitter for iPhone,1,0
2/6/19 18:24,1.09E+18,ive been in this stupid patient room for an hour. this doctor needs to hurry up,Twitter for iPhone,0,1
2/6/19 18:24,1.09E+18,i could just tell em fuck you but that come on too strong ,Twitter for iPhone,0,0
2/6/19 18:24,1.09E+18,I cant get over that shit dream I had last night it was to ugly,Mobile Web (M2),0,0
2/6/19 18:23,1.09E+18,"RT @QGotNoRings: PSA to white English professors: If you're going to make Black students read an ""essential"" work written by a racist piece of shit, the least you can do is find a PDF for us. It's insulting to make Black students give coin to people that hate us.",Twitter for iPhone,0,0
2/6/19 18:23,1.09E+18,RT @AnalyzeALittle: Thugs lynching Turkish soldiers who did not have weapons during Erdogan's fake self coup. Many of these were privates or military students called for a training and had no clue why they were brought to certain areas filled with thugs.,Twitter for Android,0,0
2/6/19 18:23,1.09E+18,"@RMShaunStreet Lol, you guys are acting too hard on this one. The fake level is bleeding out because it's so high.",Twitter for iPhone,0,1
2/6/19 18:23,1.09E+18,RT @oilfieldassasin: @Steward2778 @stupid8911 A twitter account that was created a week ago with 16 followers is a troll account you stupid,Twitter for iPhone,1,0
2/6/19 18:23,1.09E+18,@lamphieryeg It should be painful to be this stupid,Twitter for iPhone,0,1
2/6/19 18:23,1.09E+18,i almost shit myself i hATE YOU https://t.co/4O0YeGjAC2,Twitter for Android,1,0
2/6/19 18:23,1.09E+18,RT @SikhProf: Grown white officers Young black girl Brutal beating Unnecessary Unconscionable  take a knee https://t.co/RsBjrOP1Un,Twitter for iPhone,0,0
2/6/19 18:23,1.09E+18,@Diiingy I agree!! Its impossible to share the good shit!!,Twitter for iPhone,0,0
2/6/19 18:23,1.09E+18,Hes a fake democrat https://t.co/EU7QrQsujS,twittbot.net,1,1
2/6/19 18:23,1.09E+18,"I'm not passing judgement on Herring because of a stupid mistake he made 30 years ago in his youth, but when he judged Northam for the very same sin, he convicted himself. The Dems are good at one thing, ignoring their own crimes. https://t.co/lH0zMD2tSI",Twitter for iPhone,0,1
2/6/19 18:23,1.09E+18,"RT @itsaightdoh: peep shit, stay quiet, act unbothered &amp; move accordingly.",Twitter for iPhone,1,0
2/6/19 18:23,1.09E+18,"RT @RayRedacted: PRO-TIP: If you are going to buy a ""Death Certificate"" in order to fake your own death and exit-scam $130 million USD from your Canadian crypto exchange, always remember to run spellcheck on your own name.",Twitter Web Client,0,0
2/6/19 18:23,1.09E+18,"RT @Toadsanime: I am so fucking scared about video game's inevitable shift to Netflix-like subscription platforms.No ownership, no preservation, devs paid by playtime killing off Indies/short, single-player experiences...It's going to be so, so shit.",Twitter for Android,0,1
2/6/19 18:23,1.09E+18,"RT @randywhorton: @NadineLaubacher @Fahad2030VISION Saudi Arabia is a fully developed great nation with great people. The problem is fake news, fake media in Western nation's pushing some agenda, in my opinion. I think Saudi Arabia is doing a great job as a leader and I recommend others follow.",Twitter for Android,0,1
2/6/19 18:23,1.09E+18,RT @adoreyanns: Sometimes you gotta see shit for what it really is &amp; not what YOU want it to be .,Twitter for iPhone,0,0
2/6/19 18:23,1.09E+18,RT @sid_lambert: 20 years ago today #MUFC are cruising at #NFFC and decide to give Ole Gunnar Solskjaer a run-out.ï¿½They said: ï¿½We're winning 4-1 so there's no need to do anything stupid - just keep the ball.ï¿½ Scores 4 goals in 12 mins. Filthy bastard.,Twitter for iPhone,0,1
2/6/19 18:23,1.09E+18,RT @LovingJR_: I took you serious this shit was never a joke to me ,Twitter for iPhone,1,0
2/6/19 18:23,1.09E+18,RT @exhanny: I really hate texting someone on a daily basis and getting used to them cuz once we dont talk for a while I get all depressed,Twitter for iPhone,0,1
2/6/19 18:23,1.09E+18,"RT @RealJude830: You talk a lot shit. Is that why you only have 88 followers? ""Texas proud"" of WHAT??? You certainly don't act like a proud",Twitter for iPhone,1,0
2/6/19 18:23,1.09E+18,RT @iamlorengray: thnk u for making me happy when i feel like ~shit~,Twitter for iPhone,0,0
2/6/19 18:23,1.09E+18,"RT @Adam_Newman: The best part is that you can basically say ""fuck you"" right to his face and he has absolutely no idea.",Twitter for Android,0,0
2/6/19 18:23,1.09E+18,no more thinking about past shit,Twitter for iPhone,0,1
2/6/19 18:23,1.09E+18,"RT @__krristinna_: BEING NICE IS NOT BEING FAKE!!!! if you donï¿½t like someone, you donï¿½t have to go out of your way to make them feel bad about themselves, or hurt their feelings. MIND YOUR OWN BUSINESS AND BE NICE TO EVERYONE NO MATTER HOW YOU FEEL ABOUT THEM. ITS NOT HARD.",Twitter for iPhone,0,0
2/6/19 18:23,1.09E+18,RT @pawigill: Dont know whos fake in your circle? Start Business.,Twitter for iPhone,0,1
2/6/19 18:23,1.09E+18,"@iamAtheistGirl thats stupid and evil &amp; also selfish, how can kill save life? would reject being helped by a firefighter because he may die trying to save you. you are the reason hell was created and it is justified. @MauriceMB89 @APoulikakos @afaduln2 @SethGreylyn @Leif_arky89 @ShyEvaSekuNatsu",Twitter for iPhone,1,0
2/6/19 18:23,1.09E+18,If anyone shows up in white to my wedding I will kill you  https://t.co/A194SmG6ss,Twitter for iPhone,1,0
2/6/19 18:23,1.09E+18,"@bawarmy @Alan_Burrows Div, could you cover Alan's seat in bird shit so he can appreciate what we had to sit in/on last December.",Twitter for Android,0,0
2/6/19 18:23,1.09E+18,RT @MichaelSteele: So what will be said when a photo of a future elected official dressed in his khakis and loafers is discovered to have been from the events of #Charlottesville? Some behaviors are racist on their face; others are just stupid. Our challenge is understanding which is which.,Twitter for Android,0,0
2/6/19 18:23,1.09E+18,RT @ItsAlexJackson: gay people: hi straight twitter: not to be rude AND all but I feel like yall are forcing this gay shit on us I have,Twitter for Android,1,0
2/6/19 18:23,1.09E+18,RT @texasstalkermom: Adulthood is mostly going to bed tired and waking up tired and doing a bunch of shit in between.,Twitter Web Client,0,0
2/6/19 18:23,1.09E+18,"RT @4SZNZz: if you find a girl that's willing to go through hell just to keep the relationship going, don't be stupid and take her for granted",Twitter for iPhone,0,1
2/6/19 18:23,1.09E+18,RT @lobsterforday6: Yeosang heading to Seonghwa and Hongjoong's room at 4:38am to sleep because Wooyoung wont shut up,Twitter for iPhone,0,1
2/6/19 18:23,1.09E+18,RT @SwampysGhost: @RepAdamSchiff Shut up. https://t.co/I5unPP3B3J,Twitter for iPhone,1,1
2/6/19 18:23,1.09E+18,EVERYONE SHUT UP ND LOOK AT MY BABY https://t.co/zuZRnMWuLt,Twitter for iPhone,0,1
2/6/19 18:23,1.09E+18,I agree.  Only a liberal could be this STUPID! https://t.co/d1VfQg5rb7,Twitter Web App,1,1
2/6/19 18:23,1.09E+18,RT @qmarzuca: Put me in a room with the people who talk shit about me and watch how friendly they become.,Twitter for iPhone,0,0
2/6/19 18:23,1.09E+18,"@techinsider Thats stupid, Google is very useful. You can opt out of data gathering and still use the Services",Twitter Web Client,0,1
2/6/19 18:23,1.09E+18,And no i wont shut up about it,Twitter Web Client,0,1
2/6/19 18:23,1.09E+18,@HolaimBrandon_ bro.... for the last time he raps about the same damn shit each song but on a different beat. how you release 6 projects in one year full of garbo???,Twitter for Android,1,0
2/6/19 18:23,1.09E+18,RT @retrotrolo: Lemme know if you gotta crush on me before I spend my Valentine money on some shit I dont need,Twitter for iPhone,0,0
2/6/19 18:23,1.09E+18,@spacegoddave @tommos_angels @invinciqle @mikeysnackson @ethereallangel @white_whits @ThisIsAlecx theres clear evidence it was fake he was throuroughly investigated and proved innocent.,Twitter Web App,0,1
2/6/19 18:23,1.09E+18,"RT @ughmistake: ive learned to not expect nothin from anyone. ive learned to not expect people to keep their promises, no one will be here for me, no one is truly there for me, & no one ever means what they say. iï¿½ve learned that people really think iï¿½m not shit & that iï¿½m not worth the truth",Twitter for iPhone,0,0
2/6/19 18:23,1.09E+18,"RT @DouglasMatheso4: Very sad to see the Left has become about lies and fake news, Stacy Abrams nice try to make us think you on the left care about Americans and the American Values. Thank you @realDonaldTrump for doing the job we hired you to do never waver and never give up we are behind you.",Twitter for iPhone,0,0
2/6/19 18:23,1.09E+18,"Has anyone ever answered the phone and after a few seconds said, ""Holy shit, yes! I do need my furnace ducts cleaned! Wow, thank you for calling!""",Twitter for Android,0,0
2/6/19 18:23,1.09E+18,Gosh I remember when Nae told me she was pregnant the morning of carnival. I drank all day for her AND me ... then I said a prayer drunk as shit it would be a girl ,Twitter for iPhone,0,1
2/6/19 18:23,1.09E+18,IM SEEING JESSE FUCKING MCCARTNEY PERFORM TOMORROW OMG if he sings Beautiful Soul Im gonna lose my shit,Twitter for iPhone,0,0
2/6/19 18:23,1.09E+18,RT @TheMedicalThing: This demonstrates the mechanics of a concussion: This fake brain has the same consistency as a real brain ,Twitter for iPad,0,1
2/6/19 18:25,1.09E+18,@VisionarySZN It doesn't matter thats fake fake fake.,Twitter for iPhone,1,1
2/6/19 18:23,1.09E+18,A4: I have told any clients with possible items on the extender list to wait to file until it gets settled (this could mean an extension in a lot of cases.) Stupid to file and then have to amend return. #TaxBuzzChat,Twitter for iPhone,0,1
2/6/19 18:23,1.09E+18,"RT @DomConfessional: PSA Fellas,If a woman is being nice and polite, this does not mean she wants to fuck you.Shes actually just being....nice.Mind blown right? Thanks for coming to my Ted Talk.",Twitter for iPhone,0,0
2/6/19 18:23,1.09E+18,You all are fake for letting me believe I was actually smart till I got to college! Plot twist Im dumb as fuck!,Twitter for Android,1,1
2/6/19 18:23,1.09E+18,RT @_kylejamesfinn_: fuck you disney for capitalizing off of us. assholes. if u wanted to be accepting make it free and be inclusive in ur,Twitter for iPhone,1,0
2/6/19 18:23,1.09E+18,RT @l0ttiehall: anyone else write things theyï¿½ve already done when theyï¿½re writing a to do list just to get the satisfaction of being able to tick them off straight away or am I an actual weirdo??,Twitter for iPhone,0,0
2/6/19 18:25,1.09E+18,"RT @pirateprty4usa: That was ALL the @dnc could come up with a liar, cheater &amp; loser- then threw up @SenSanders who obviously wrote his spe",Twitter for iPhone,1,1
2/6/19 18:23,1.09E+18,@Bhorisi @matigary @SamaitaMakombe @ali_naka @daddyhope @AlekeMukunga @DrNkuSibanda @JMafume @nyashaneta @nelsonchamisa @wepasavannah @olievermm @Auzqn @misscailah @RMajongwe Chamisa is the first loser by virtue of coming out second in the presidential election,Twitter for Android,0,1
2/6/19 18:23,1.09E+18,@InsaneCombos is a scammer i sent him 70$ and fake the payment i showed proof of sending money then he shows a fake balance these scammers must stop @CycloGotNow plz help https://t.co/Zp4Qp90LZ2,Twitter Web App,0,1
2/6/19 18:23,1.09E+18,you cant talk shit if you got ugly teeth lmao next,Twitter for iPhone,0,0
2/6/19 18:23,1.09E+18,Why cant someone just paypal me $1500 so i can pursue some dreams? Like if one of yall does it ill shut up about it .,Twitter Web App,0,1
2/6/19 18:23,1.09E+18,@madlatinathot Id love to do senior year over again just to see what new wild shit i can come up with ,Twitter for iPhone,0,0
2/6/19 18:23,1.09E+18,@ceranne_walker Shut up ceranne,Twitter for Android,1,1
2/6/19 18:23,1.09E+18,Jen and I are having a serious convo and she just goes also oreos are fake just wanna put that out there  love her the most,Twitter for Android,0,1
2/6/19 18:23,1.09E+18,I just wanna clarify that it was the wife saying all of this. &amp; she kept lookin at her husband like right honey? And he was looking at her like ok shut up  aside from that I really liked them! Especially the husband.,Twitter for iPhone,0,0
2/6/19 18:23,1.09E+18,"I swear Nike is gonna drive me crazy with this stupid ass packaging!!! Putting the logo all over the box is screaming ""steal me"". Smh",Twitter for iPhone,1,0
2/6/19 18:23,1.09E+18,How do people become overthinkers? I always wondered. Like I never thought about shit if I wanted to do it fuck whatever the narrative behind it. If it makes me happy then thats what Ill do,Twitter for Android,0,0
2/6/19 18:23,1.09E+18,RT @Jherrueche: i hate when people say i have a bad attitude like no maybe youre just stupid as fuck.,Twitter for iPhone,0,1
2/6/19 18:23,1.09E+18,I miss not having shit to do everyday. https://t.co/FIWkQcVxJ0,Twitter for Android,0,0
2/6/19 18:23,1.09E+18,I need to go to SOS to get a new ID and istg if I have to take ANOTHER picture like bro itll be the 4th time and Im only 21 and I always look like SHIT in them,Twitter for iPhone,0,0
2/6/19 18:23,1.09E+18,"RT @niyhollywood: u the dumbest hoe in the world if u stay wit a nigga after he have a baby on u like u cannot come back from that shit, ion give a fuck what a nigga say! bitch you whole live gave this hoe a baby, you canï¿½t even breathe round me nomore! PERIOD.",Twitter for iPhone,1,1
2/6/19 18:23,1.09E+18,RT @lil5fish: People fake support you just in case you make it,Twitter for iPhone,1,1
2/6/19 18:23,1.09E+18,"@_crazyvibez @CartelCrewVH1 @VH1 Exactly! Love stephanie but she was ducking Marie, like how you gonna have that chicks back when Marie had your back 100% and you still took Nicole's after she said that shit about her dad! If you didn't catch it she also denied it trying to pass blame on Marie about short time!",Twitter Web Client,0,0
2/6/19 18:23,1.09E+18,@erikkastyles shut up really?! girls have actually said this to me and it makes me so bad for them ,Twitter for iPhone,0,1
2/6/19 18:23,1.09E+18,@JordanPeele Why do I have a feeling ima be in the theatre like... WTF?! What!...this shit got me fucked up! Lmao  this is going to be an amazing movie  https://t.co/MtMhVZ8QK2,Twitter for iPhone,0,0
2/6/19 18:26,1.09E+18,If you dont follow me back fuck you,Twitter for iPhone,1,0
2/6/19 18:23,1.09E+18,"RT @crushs_cereal: Im really concerned that people 13+ canï¿½t cool, wash the dishes, iron, wash their clothes and vacuum. My Nigerian ass have been doing most of this shit from age 8",Twitter for iPhone,0,0
2/6/19 18:23,1.09E+18,I want everyone to hate you ALTHOUGH alot of people actually do  Why? https://t.co/fb6EFMbwkC,Twitter Web Client,1,0
2/6/19 18:23,1.09E+18,"RT @rileytresjolie: People who hate you are actually so cute. Like, wow, you put in so much effort to have those kinda feelings towards me.",Curious Cat,0,0
2/6/19 18:23,1.09E+18,"RT @Crims0nChr0me: Sure he would fuck you...But would he cuddle you and kiss your forehead after? Message you first? Show intimacy through actions and words? Would he prove to you, you're more than just another girl Probably not.",Twitter for iPhone,0,1
2/6/19 18:25,1.09E+18,@MasoodSayedee Bull shit.,Twitter for iPhone,1,1
2/6/19 18:23,1.09E+18,"RT @BaneSuggestions: Youre shit, were shit, everythings shit. Never try for a better world, because it doesnt exist.",Twitter for iPad,1,0
2/6/19 18:23,1.09E+18,I didn't do the bad mood noon blues today. I know why. I just can't rely on that shit. I have to sort this w/o that crutch cause it might be gone tomorrow.,Twitter for iPhone,0,0
2/6/19 18:23,1.09E+18,How shit is it when someone you love so much is in such a bad place but you feel completely helpless and dont know what to do..,Twitter Web Client,0,0
2/6/19 18:23,1.09E+18,RT @LuthoZA: I have lived my entire life looking like a stupid to Whites &amp; Clever Blacks for what they call endless complaining. ,Twitter Web App,0,1
2/6/19 18:23,1.09E+18,"RT @geraIdjr: you got a good girl whos only giving you attention and breaking her neck to satisfy you, but you not doing the same for her",Twitter for Android,0,0
2/6/19 18:23,1.09E+18,@ShiggyKillie Shut up and roll up ,Twitter Web App,1,1
2/6/19 18:23,1.09E+18,@LeftAtLondon I'm an American so I always buy cheap cheese. I never buy this fancy shit. Can't afford it.,Twitter for iPhone,0,0
2/6/19 18:23,1.09E+18,"@EliGrumble I don't need to see that VOD to tell you that is HARD shit to say to yourself. How are you supposed to do better if your self-talk is so upsetting? I do this too, then I try to give myself feedback like I would give it to a friend. Usually, it's way nicer.",Twitter for iPhone,0,0
2/6/19 18:23,1.09E+18,"Big fat stupid money - 7+ Different bank accounts type of money, Chilling in New York and I wanna fly to New Orleans for lunch type of money https://t.co/KfmeQYSS4v",Twitter Web Client,0,1
2/6/19 18:23,1.09E+18,@barcacentre What's the most infuriating thing that makes me livid is that he isn't even given a chance for fucks sake. Motherfuckers are just throwing money around for no reason. Barca gives itself a bad name and reputation by doing shit like this...,Twitter for iPhone,1,0
2/6/19 18:23,1.09E+18,RT @ArthurSchwartz: Hey @SenSanders. Take a look at this when youre done with your fake phone call. https://t.co/AvsCRapSsw,Twitter Web Client,1,1
2/6/19 18:23,1.09E+18,@slicemedeep Just seen this smh fake,Twitter for iPhone,1,1
2/6/19 18:23,1.09E+18,@sad_fannibal NOOO bring religion into politics and shit hits the fan. that's just frustrating,Twitter for iPhone,0,0
2/6/19 18:23,1.09E+18,@JerriDougherty @wwwillstand Their only plan is to sabotage the Presidency and with that our country out of spite. Anger and dissonance for losing an election they believed they would win in a landslide.   Beyond that its a shit show.,Twitter for iPad,1,0
2/6/19 18:18,1.09E+18,RT @_24khipster: please do not try to pursue anything with me if u not gone take it serious. leave me the fuck alone till u got your shit t,Twitter for iPhone,1,0
2/6/19 18:23,1.09E+18,"RT @CBSNews: Parents of Alabama man mistakenly killed by cop react to no charges: ""It's murder"" https://t.co/S0RfFo464m https://t.co/CCcjYL",Twitter Web App,0,0
2/6/19 18:23,1.09E+18,"RT @shEJazzin: I'm the type that'll do some big corny shit for Valentines day like make you breakfast, take you a sip at paint, buy you a bouquet of roses, and decorate our hotel room with rose pedals, gifts, and candles, then give you a few orgasms. But it is what it is",Twitter for iPhone,0,0
2/6/19 18:23,1.09E+18,When I die dont waste your money getting me a funeral just throw my body in a lake or some shit n smoke a blunt in my honor and Id be cool with that lmaoo,Twitter for iPhone,0,0
2/6/19 18:23,1.09E+18,"@g_b_linton Haha, yes, thatll be an interesting one. Thats a vote loser for sure ..",Twitter Web Client,1,1
2/6/19 19:23,1.09E+18,Shut up about the clapping. Oh my god shut the fuck up about the clapping,Twitter for Android,1,1
2/6/19 18:23,1.09E+18,"Dont understand people that try and message people in a relationship, if someone is stupid enough to leave their partner for you cus your hotter/better, then Im sorry but theyll do it to you too if they get the chance, end of discussion.",Twitter for iPhone,0,1
